seed,scenario,margin_q,coverage_all,coverage_injected,coverage_non_injected,calibration_coverage_p4
42,Negative Control,4.5,0.8571428571428571,0.9423076923076923,0.8422818791946308,0.8657142857142858
42,Scenario A,4.5,0.8,0.7692307692307693,0.8053691275167785,0.8714285714285714
42,Scenario B,4.0,0.7485714285714286,0.8076923076923077,0.738255033557047,0.8571428571428571
42,Scenario C,4.0,0.78,0.9615384615384616,0.7483221476510067,0.8571428571428571
101,Negative Control,4.5,0.8228571428571428,0.8653846153846154,0.8154362416107382,0.86
101,Scenario A,4.5,0.7685714285714286,0.75,0.7718120805369127,0.8742857142857143
101,Scenario B,4.0,0.7485714285714286,0.7884615384615384,0.7416107382550335,0.86
101,Scenario C,4.0,0.7514285714285714,0.8846153846153846,0.7281879194630873,0.86
202,Negative Control,5.0,0.8742857142857143,0.9423076923076923,0.8624161073825504,0.8542857142857143
202,Scenario A,4.5,0.8257142857142857,0.8461538461538461,0.8221476510067114,0.8571428571428571
202,Scenario B,4.324999809265137,0.8114285714285714,0.8846153846153846,0.7986577181208053,0.8485714285714285
202,Scenario C,4.0,0.7914285714285715,0.9423076923076923,0.7651006711409396,0.8514285714285714
303,Negative Control,5.0,0.8914285714285715,0.8076923076923077,0.9060402684563759,0.8714285714285714
303,Scenario A,4.825000762939453,0.8628571428571429,0.7692307692307693,0.8791946308724832,0.8485714285714285
303,Scenario B,4.5,0.8428571428571429,0.75,0.8590604026845637,0.8571428571428571
303,Scenario C,4.5,0.86,0.9038461538461539,0.8523489932885906,0.8571428571428571
404,Negative Control,4.5,0.8571428571428571,0.8269230769230769,0.8624161073825504,0.8628571428571429
404,Scenario A,4.0,0.7971428571428572,0.6730769230769231,0.8187919463087249,0.8542857142857143
404,Scenario B,4.0,0.8028571428571428,0.7692307692307693,0.8087248322147651,0.8742857142857143
404,Scenario C,4.0,0.8114285714285714,0.9230769230769231,0.7919463087248322,0.8742857142857143
505,Negative Control,5.0,0.9171428571428571,0.8846153846153846,0.9228187919463087,0.88
505,Scenario A,4.5,0.8857142857142857,0.7692307692307693,0.9060402684563759,0.86
505,Scenario B,4.5,0.88,0.8461538461538461,0.8859060402684564,0.8628571428571429
505,Scenario C,4.5,0.8885714285714286,0.9615384615384616,0.8758389261744967,0.8657142857142858
606,Negative Control,4.5,0.8114285714285714,0.8076923076923077,0.8120805369127517,0.8657142857142858
606,Scenario A,4.0,0.7428571428571429,0.75,0.7416107382550335,0.8542857142857143
606,Scenario B,4.0,0.7914285714285715,0.8846153846153846,0.7751677852348994,0.8657142857142858
606,Scenario C,4.0,0.7771428571428571,0.9423076923076923,0.7483221476510067,0.8714285714285714
707,Negative Control,5.5,0.8514285714285714,0.7692307692307693,0.8657718120805369,0.8685714285714285
707,Scenario A,4.5,0.8171428571428572,0.8076923076923077,0.8187919463087249,0.8514285714285714
707,Scenario B,4.5,0.8171428571428572,0.8269230769230769,0.8154362416107382,0.8571428571428571
707,Scenario C,4.5,0.7885714285714286,0.8846153846153846,0.7718120805369127,0.8571428571428571
808,Negative Control,5.0,0.8628571428571429,0.8461538461538461,0.8657718120805369,0.8657142857142858
808,Scenario A,4.5,0.8257142857142857,0.8076923076923077,0.8288590604026845,0.8657142857142858
808,Scenario B,4.5,0.8171428571428572,0.8461538461538461,0.8120805369127517,0.8714285714285714
808,Scenario C,4.0,0.7828571428571428,0.9230769230769231,0.7583892617449665,0.8514285714285714
909,Negative Control,4.5,0.8714285714285714,0.8653846153846154,0.87248322147651,0.8571428571428571
909,Scenario A,4.5,0.86,0.8269230769230769,0.8657718120805369,0.8628571428571429
909,Scenario B,4.0,0.8057142857142857,0.8461538461538461,0.7986577181208053,0.8514285714285714
909,Scenario C,4.0,0.8,0.8653846153846154,0.7885906040268457,0.8514285714285714
