Budget (K),Strategy,P_mean,P_std,P_disp,R_mean,R_std,R_disp,NDCG_mean,NDCG_std,NDCG_disp,MAP_mean,MAP_std,MAP_disp
10,Lowest Volume Heuristic (Test),0.21000000000000002,0.11005049346146119,0.210 ± 0.110,0.04038461538461539,0.021163556434896383,0.040 ± 0.021,0.21714329915157263,0.1533604099438987,0.217 ± 0.153,0.09703968253968254,0.10201828667747014,0.097 ± 0.102
10,Tabular Point Gap (GBDT),0.26999999999999996,0.1766981104093143,0.270 ± 0.177,0.051923076923076926,0.03398040584794506,0.052 ± 0.034,0.28525440599374546,0.19246261033516662,0.285 ± 0.192,0.14728968253968253,0.12366601546190657,0.147 ± 0.124
10,Static GNN Gap,0.37,0.11595018087284058,0.370 ± 0.116,0.07115384615384615,0.022298111706315498,0.071 ± 0.022,0.3759741760135461,0.13369714635037905,0.376 ± 0.134,0.20174206349206347,0.1054548299601377,0.202 ± 0.105
10,SFA-Style Frontier Gap,0.43,0.13374935098492585,0.430 ± 0.134,0.08269230769230769,0.025721029035562667,0.083 ± 0.026,0.45271839986347084,0.16225747662925652,0.453 ± 0.162,0.26557539682539677,0.1229020712303369,0.266 ± 0.123
10,HAMTA Proposed (M-GATO),0.39999999999999997,0.09428090415820634,0.400 ± 0.094,0.07692307692307693,0.018130943107347374,0.077 ± 0.018,0.4096071808664263,0.10684040846241033,0.410 ± 0.107,0.22651587301587303,0.10105449209238575,0.227 ± 0.101
20,Lowest Volume Heuristic (Test),0.19999999999999998,0.07817359599705716,0.200 ± 0.078,0.07692307692307691,0.03006676769117583,0.077 ± 0.030,0.20711054031027318,0.09552433094194628,0.207 ± 0.096,0.07219657694386797,0.05428285146221835,0.072 ± 0.054
20,Tabular Point Gap (GBDT),0.265,0.13133925536563698,0.265 ± 0.131,0.10192307692307692,0.05051509821755268,0.102 ± 0.051,0.2754662971038515,0.13520379428109822,0.275 ± 0.135,0.1156437222907811,0.08476007011470753,0.116 ± 0.085
20,Static GNN Gap,0.335,0.11559027256266467,0.335 ± 0.116,0.12884615384615383,0.044457797139486416,0.129 ± 0.044,0.34919422765826047,0.10795541672470205,0.349 ± 0.108,0.1629527402422139,0.08073811394711537,0.163 ± 0.081
20,SFA-Style Frontier Gap,0.34500000000000003,0.1091634859587521,0.345 ± 0.109,0.13269230769230772,0.041985956137981575,0.133 ± 0.042,0.3849344602381226,0.11708975138776875,0.385 ± 0.117,0.19038902727389567,0.07451732133771571,0.190 ± 0.075
20,HAMTA Proposed (M-GATO),0.41,0.11498792207106896,0.410 ± 0.115,0.1576923076923077,0.04422612387348805,0.158 ± 0.044,0.4141705403978517,0.11100338295245098,0.414 ± 0.111,0.21132778272638947,0.09627566928154827,0.211 ± 0.096
35,Lowest Volume Heuristic (Test),0.19714285714285712,0.052940731846427794,0.197 ± 0.053,0.13269230769230772,0.03563318489663409,0.133 ± 0.036,0.20304055783199684,0.05577237388520787,0.203 ± 0.056,0.05941697882852247,0.02958666554093112,0.059 ± 0.030
35,Tabular Point Gap (GBDT),0.21428571428571425,0.06353173363869682,0.214 ± 0.064,0.14423076923076922,0.04276174379527671,0.144 ± 0.043,0.23689513088524308,0.08258076918949706,0.237 ± 0.083,0.08182204003351805,0.04883916831429153,0.082 ± 0.049
35,Static GNN Gap,0.2857142857142857,0.07126966450997982,0.286 ± 0.071,0.1923076923076923,0.047969966497101814,0.192 ± 0.048,0.31007970743548025,0.07923406221889814,0.310 ± 0.079,0.1244135691610854,0.05468059151305371,0.124 ± 0.055
35,SFA-Style Frontier Gap,0.3571428571428571,0.08329931278350429,0.357 ± 0.083,0.24038461538461536,0.056066845142743266,0.240 ± 0.056,0.382521949101722,0.08544396975867093,0.383 ± 0.085,0.17082699339435606,0.058314453739187026,0.171 ± 0.058
35,HAMTA Proposed (M-GATO),0.36571428571428577,0.12031704150364766,0.366 ± 0.120,0.24615384615384617,0.08098262408899362,0.246 ± 0.081,0.3820329364702137,0.11610560392685587,0.382 ± 0.116,0.18005991764290777,0.09199118897249206,0.180 ± 0.092
50,Lowest Volume Heuristic (Test),0.192,0.05094659513211413,0.192 ± 0.051,0.1846153846153846,0.048987110703955894,0.185 ± 0.049,0.19821076703113646,0.04615550665248389,0.198 ± 0.046,0.053333589747506835,0.02237993331650523,0.053 ± 0.022
50,Tabular Point Gap (GBDT),0.188,0.04825856285561028,0.188 ± 0.048,0.18076923076923074,0.04640246428424067,0.181 ± 0.046,0.21363261866879246,0.06610836285906976,0.214 ± 0.066,0.06573625904010445,0.03540743959707524,0.066 ± 0.035
50,Static GNN Gap,0.28800000000000003,0.06338594306135847,0.288 ± 0.063,0.27692307692307694,0.06094802217438315,0.277 ± 0.061,0.3069900729783997,0.06831364159539963,0.307 ± 0.068,0.11464254434855456,0.044483947923852483,0.115 ± 0.044
50,SFA-Style Frontier Gap,0.32199999999999995,0.08350648677398262,0.322 ± 0.084,0.3096153846153846,0.08029469882113713,0.310 ± 0.080,0.35239647639564325,0.08516036700705479,0.352 ± 0.085,0.14695789713173996,0.05252888278229505,0.147 ± 0.053
50,HAMTA Proposed (M-GATO),0.33999999999999997,0.07542472332656507,0.340 ± 0.075,0.32692307692307687,0.0725237724293895,0.327 ± 0.073,0.36045909136100235,0.08399139143462739,0.360 ± 0.084,0.15594852628560116,0.06779728027657693,0.156 ± 0.068
