Budget (K),Strategy,Precision@K,Recall@K,NDCG@K,MAP@K,P_mean,P_std,NDCG_mean,NDCG_std
10,Lowest Volume Heuristic (Test),0.210 ± 0.104,0.040 ± 0.020,0.217 ± 0.145,0.097 ± 0.097,0.21000000000000002,0.1044030650891055,0.21714329915157263,0.14549045949595665
10,Tabular Point Gap (GBDT),0.270 ± 0.168,0.052 ± 0.032,0.285 ± 0.183,0.147 ± 0.117,0.26999999999999996,0.16763054614240208,0.28525440599374546,0.18258606392417678
10,Static GNN Gap,0.370 ± 0.110,0.071 ± 0.021,0.376 ± 0.127,0.202 ± 0.100,0.37,0.11,0.3759741760135461,0.12683624973961982
10,SFA-Style Frontier Gap,0.430 ± 0.127,0.083 ± 0.024,0.453 ± 0.154,0.266 ± 0.117,0.43,0.1268857754044952,0.45271839986347084,0.15393095806199722
10,HAMTA Proposed (M-GATO),0.400 ± 0.089,0.077 ± 0.017,0.410 ± 0.101,0.227 ± 0.096,0.39999999999999997,0.08944271909999159,0.4096071808664263,0.10135771106518346
20,Lowest Volume Heuristic (Test),0.200 ± 0.074,0.077 ± 0.029,0.207 ± 0.091,0.072 ± 0.051,0.19999999999999998,0.07416198487095663,0.20711054031027318,0.09062233732207434
20,Tabular Point Gap (GBDT),0.265 ± 0.125,0.102 ± 0.048,0.275 ± 0.128,0.116 ± 0.080,0.265,0.12459935794377112,0.2754662971038515,0.12826558146753544
20,Static GNN Gap,0.335 ± 0.110,0.129 ± 0.042,0.349 ± 0.102,0.163 ± 0.077,0.335,0.10965856099730655,0.34919422765826047,0.10241550078080794
20,SFA-Style Frontier Gap,0.345 ± 0.104,0.133 ± 0.040,0.385 ± 0.111,0.190 ± 0.071,0.34500000000000003,0.1035615758860399,0.3849344602381226,0.11108109151446319
20,HAMTA Proposed (M-GATO),0.410 ± 0.109,0.158 ± 0.042,0.414 ± 0.105,0.211 ± 0.091,0.41,0.10908712114635717,0.4141705403978517,0.10530705543409537
35,Lowest Volume Heuristic (Test),0.197 ± 0.050,0.133 ± 0.034,0.203 ± 0.053,0.059 ± 0.028,0.19714285714285712,0.05022398808927699,0.20304055783199684,0.05291031959752535
35,Tabular Point Gap (GBDT),0.214 ± 0.060,0.144 ± 0.041,0.237 ± 0.078,0.082 ± 0.046,0.21428571428571425,0.06027149459922567,0.23689513088524308,0.07834299647024033
35,Static GNN Gap,0.286 ± 0.068,0.192 ± 0.046,0.310 ± 0.075,0.124 ± 0.052,0.2857142857142857,0.06761234037828132,0.31007970743548025,0.0751680314637639
35,SFA-Style Frontier Gap,0.357 ± 0.079,0.240 ± 0.053,0.383 ± 0.081,0.171 ± 0.055,0.3571428571428571,0.07902466677679618,0.382521949101722,0.0810592670291843
35,HAMTA Proposed (M-GATO),0.366 ± 0.114,0.246 ± 0.077,0.382 ± 0.110,0.180 ± 0.087,0.36571428571428577,0.11414276774536102,0.3820329364702137,0.11014744725547632
50,Lowest Volume Heuristic (Test),0.192 ± 0.048,0.185 ± 0.046,0.198 ± 0.044,0.053 ± 0.021,0.192,0.04833218389437829,0.19821076703113646,0.04378695827427084
50,Tabular Point Gap (GBDT),0.188 ± 0.046,0.181 ± 0.044,0.214 ± 0.063,0.066 ± 0.034,0.188,0.04578209256903838,0.21363261866879246,0.06271589970586239
50,Static GNN Gap,0.288 ± 0.060,0.277 ± 0.058,0.307 ± 0.065,0.115 ± 0.042,0.28800000000000003,0.06013318551349164,0.3069900729783997,0.06480801081056448
50,SFA-Style Frontier Gap,0.322 ± 0.079,0.310 ± 0.076,0.352 ± 0.081,0.147 ± 0.050,0.32199999999999995,0.07922120928135344,0.35239647639564325,0.0807902178354449
50,HAMTA Proposed (M-GATO),0.340 ± 0.072,0.327 ± 0.069,0.360 ± 0.080,0.156 ± 0.064,0.33999999999999997,0.07155417527999328,0.36045909136100235,0.07968123023405399
