pan,latent_cluster
502229******1067,3
502229******1271,3
502229******1277,4
502229******1289,1
502229******1308,0
502229******1325,0
502229******1522,4
502229******1556,2
502229******1585,0
502229******1649,2
502229******1719,1
502229******1726,4
502229******1781,1
502229******1785,3
502229******1867,1
502229******1933,4
502229******1954,2
502229******1988,1
502229******1989,4
502229******2040,1
502229******2125,1
502229******2129,3
502229******2131,3
502229******2136,2
502229******2161,2
502229******2184,1
502229******2276,4
502229******2316,0
502229******2342,3
502229******2409,1
502229******2425,1
502229******2442,4
502229******2545,0
502229******2549,3
502229******2574,4
502229******2772,1
502229******2876,2
502229******2908,4
502229******2913,4
502229******3010,0
502229******3040,4
502229******3172,3
502229******3187,4
502229******3204,0
502229******3258,1
502229******3274,4
502229******3292,1
502229******3341,3
502229******3349,3
502229******3365,4
502229******3368,0
502229******3443,4
502229******3461,2
502229******3468,3
502229******3634,3
502229******3696,1
502229******3740,3
502229******3785,0
502229******4109,1
502229******4144,4
502229******4180,3
502229******4183,0
502229******4191,3
502229******4192,1
502229******4220,4
502229******4236,2
502229******4240,3
502229******4273,0
502229******4278,3
502229******4374,1
502229******4398,3
502229******4416,2
502229******4483,2
502229******4491,0
502229******4549,0
502229******4610,3
502229******4701,3
502229******4719,4
502229******4792,2
502229******4802,3
502229******4864,3
502229******4876,3
502229******4923,1
502229******4927,0
502229******4953,2
502229******4959,4
502229******4961,4
502229******5164,4
502229******5272,2
502229******5379,0
502229******5473,2
502229******5524,4
502229******5620,0
502229******5666,4
502229******5673,0
502229******5713,1
502229******5777,2
502229******5780,0
502229******5806,2
502229******5887,2
502229******5933,4
502229******5939,1
502229******5956,4
502229******6033,0
502229******6091,2
502229******6126,0
502229******6141,0
502229******6223,3
502229******6495,0
502229******6525,3
502229******6555,1
502229******6575,0
502229******6585,3
502229******6591,3
502229******6599,1
502229******6726,2
502229******6738,2
502229******6742,2
502229******6750,3
502229******6774,0
502229******6783,4
502229******6808,3
502229******6818,3
502229******6877,0
502229******6929,1
502229******6951,0
502229******6961,0
502229******7048,4
502229******7097,0
502229******7168,0
502229******7269,0
502229******7303,0
502229******7326,1
502229******7337,3
502229******7365,2
502229******7465,4
502229******7564,1
502229******7567,4
502229******7570,1
502229******7589,1
502229******7614,1
502229******7626,2
502229******7628,1
502229******7738,4
502229******7744,2
502229******7748,0
502229******7773,0
502229******7868,0
502229******7897,3
502229******7963,3
502229******7984,2
502229******7993,3
502229******8041,0
502229******8080,3
502229******8128,4
502229******8211,3
502229******8230,4
502229******8235,3
502229******8322,3
502229******8371,3
502229******8400,0
502229******8423,4
502229******8504,4
502229******8509,4
502229******8544,2
502229******8574,2
502229******8576,1
502229******8616,0
502229******8697,0
502229******8746,4
502229******8795,3
502229******8833,4
502229******8866,0
502229******8870,1
502229******8888,0
502229******8910,3
502229******9017,0
502229******9052,1
502229******9075,4
502229******9230,0
502229******9356,1
502229******9435,0
502229******9461,3
502229******9472,1
502229******9560,3
502229******9647,2
502229******9669,4
502229******9714,1
502229******9843,2
502229******9890,4
505416******1140,3
505416******1204,3
505416******1352,0
505416******1359,4
505416******1375,4
505416******1451,0
505416******1464,4
505416******1475,0
505416******1482,1
505416******1515,1
505416******1560,1
505416******1571,4
505416******1580,3
505416******1602,2
505416******1615,2
505416******1671,1
505416******1864,4
505416******1867,1
505416******1904,0
505416******1919,2
505416******1935,2
505416******2001,2
505416******2050,3
505416******2230,4
505416******2333,0
505416******2367,4
505416******2394,2
505416******2403,2
505416******2445,2
505416******2478,1
505416******2504,4
505416******2519,3
505416******2587,0
505416******2603,1
505416******2667,0
505416******2700,1
505416******2789,0
505416******2790,1
505416******2792,4
505416******2879,3
505416******2902,1
505416******3064,4
505416******3125,1
505416******3153,2
505416******3230,3
505416******3336,3
505416******3356,1
505416******3468,2
505416******3486,3
505416******3504,0
505416******3563,3
505416******3567,3
505416******3661,2
505416******3713,0
505416******3736,3
505416******3767,1
505416******3782,1
505416******3792,4
505416******3803,0
505416******3819,3
505416******3849,0
505416******3914,4
505416******3969,1
505416******4039,4
505416******4055,3
505416******4112,3
505416******4150,4
505416******4155,0
505416******4267,3
505416******4296,0
505416******4309,4
505416******4317,4
505416******4356,3
505416******4483,4
505416******4490,3
505416******4555,2
505416******4558,0
505416******4607,0
505416******4644,3
505416******4672,0
505416******4687,4
505416******4723,3
505416******4775,0
505416******4792,1
505416******4796,3
505416******4805,1
505416******4806,2
505416******4815,2
505416******4839,3
505416******4841,2
505416******4868,1
505416******4907,3
505416******4956,3
505416******5065,0
505416******5086,3
505416******5172,2
505416******5225,2
505416******5321,1
505416******5399,3
505416******5402,3
505416******5494,2
505416******5530,3
505416******5570,4
505416******5611,0
505416******5657,2
505416******5670,3
505416******5675,3
505416******5729,0
505416******5757,0
505416******5774,0
505416******5781,2
505416******5876,2
505416******5888,2
505416******5931,4
505416******5933,2
505416******5946,1
505416******6014,2
505416******6047,4
505416******6068,0
505416******6105,4
505416******6166,4
505416******6175,0
505416******6240,1
505416******6251,2
505416******6299,2
505416******6300,2
505416******6342,2
505416******6481,3
505416******6580,2
505416******6626,2
505416******6668,0
505416******6671,4
505416******6690,4
505416******6704,2
505416******6744,1
505416******7001,2
505416******7026,4
505416******7063,4
505416******7099,4
505416******7102,2
505416******7250,2
505416******7251,4
505416******7284,1
505416******7297,0
505416******7305,3
505416******7358,0
505416******7416,2
505416******7511,1
505416******7603,1
505416******7635,0
505416******7678,4
505416******7704,4
505416******7707,4
505416******7751,3
505416******7780,1
505416******7781,0
505416******7988,4
505416******7996,1
505416******8002,2
505416******8016,2
505416******8104,0
505416******8116,2
505416******8140,2
505416******8143,3
505416******8154,4
505416******8192,4
505416******8282,3
505416******8329,0
505416******8350,1
505416******8561,2
505416******8846,2
505416******8857,3
505416******8929,4
505416******9080,0
505416******9120,1
505416******9210,0
505416******9357,2
505416******9411,1
505416******9442,0
505416******9445,2
505416******9449,1
505416******9476,2
505416******9488,3
505416******9789,4
505416******9837,4
505416******9905,4
505416******9924,1
505416******9997,2
589210******1075,2
589210******1094,0
589210******1153,1
589210******1260,2
589210******1282,2
589210******1312,3
589210******1340,3
589210******1364,0
589210******1417,1
589210******1464,0
589210******1523,0
589210******1607,3
589210******1661,3
589210******1670,1
589210******1692,0
589210******1709,0
589210******1754,3
589210******1780,0
589210******1824,0
589210******1901,0
589210******1922,3
589210******1953,3
589210******1956,1
589210******1990,3
589210******2089,1
589210******2125,4
589210******2132,2
589210******2138,1
589210******2290,3
589210******2361,3
589210******2409,0
589210******2439,1
589210******2480,0
589210******2500,1
589210******2532,2
589210******2539,1
589210******2673,1
589210******2716,4
589210******2827,3
589210******2828,3
589210******2842,3
589210******2873,2
589210******2874,0
589210******2884,0
589210******2892,4
589210******2895,2
589210******2909,1
589210******2932,4
589210******2946,1
589210******2956,1
589210******3031,0
589210******3032,4
589210******3093,3
589210******3097,4
589210******3151,1
589210******3176,1
589210******3208,2
589210******3220,2
589210******3306,4
589210******3353,4
589210******3378,0
589210******3387,4
589210******3403,0
589210******3496,4
589210******3561,4
589210******3637,3
589210******3646,1
589210******3649,0
589210******3654,4
589210******3657,0
589210******3672,1
589210******3728,1
589210******3775,0
589210******3854,3
589210******3871,4
589210******3891,2
589210******3958,0
589210******3964,2
589210******3965,2
589210******3978,2
589210******4007,0
589210******4036,1
589210******4084,1
589210******4092,3
589210******4093,1
589210******4217,1
589210******4226,0
589210******4235,1
589210******4389,2
589210******4426,0
589210******4462,1
589210******4591,1
589210******4636,4
589210******4638,4
589210******4640,2
589210******4670,3
589210******4719,0
589210******4722,2
589210******4791,3
589210******4814,0
589210******4875,2
589210******5008,1
589210******5042,0
589210******5178,0
589210******5196,4
589210******5200,0
589210******5208,2
589210******5346,4
589210******5356,1
589210******5366,2
589210******5424,0
589210******5428,0
589210******5456,3
589210******5500,3
589210******5538,3
589210******5543,3
589210******5611,2
589210******5675,2
589210******5734,2
589210******5765,0
589210******5796,1
589210******5895,1
589210******5945,4
589210******6037,4
589210******6104,1
589210******6105,4
589210******6213,4
589210******6247,2
589210******6341,1
589210******6387,3
589210******6471,4
589210******6475,4
589210******6482,0
589210******6560,2
589210******6588,1
589210******6693,4
589210******6752,4
589210******6776,3
589210******6797,4
589210******6820,4
589210******6869,2
589210******6953,3
589210******6973,1
589210******7012,4
589210******7047,4
589210******7065,2
589210******7150,3
589210******7169,2
589210******7183,2
589210******7197,3
589210******7200,1
589210******7238,1
589210******7241,4
589210******7246,0
589210******7257,2
589210******7379,4
589210******7490,3
589210******7555,1
589210******7653,2
589210******7713,0
589210******7748,2
589210******7788,4
589210******7801,1
589210******7807,2
589210******7957,1
589210******7995,4
589210******8014,1
589210******8083,3
589210******8124,1
589210******8240,0
589210******8312,2
589210******8334,4
589210******8483,4
589210******8602,0
589210******8616,0
589210******8619,4
589210******8638,0
589210******8673,0
589210******8678,1
589210******8730,1
589210******8933,4
589210******8943,3
589210******9016,4
589210******9070,3
589210******9084,1
589210******9112,1
589210******9177,3
589210******9216,0
589210******9228,1
589210******9275,1
589210******9312,2
589210******9399,1
589210******9536,3
589210******9588,2
589210******9619,3
589210******9635,2
589210******9680,4
589210******9795,1
589210******9849,3
603799******1001,2
603799******1066,1
603799******1067,2
603799******1086,2
603799******1112,2
603799******1226,4
603799******1281,0
603799******1305,2
603799******1331,0
603799******1406,4
603799******1575,0
603799******1630,3
603799******1769,0
603799******1791,2
603799******1798,0
603799******1808,0
603799******1950,1
603799******2015,0
603799******2122,0
603799******2168,3
603799******2211,1
603799******2218,4
603799******2229,1
603799******2252,1
603799******2324,1
603799******2410,1
603799******2412,1
603799******2464,2
603799******2466,3
603799******2668,4
603799******2704,1
603799******2773,0
603799******2814,2
603799******2829,2
603799******2861,4
603799******2893,1
603799******3024,0
603799******3080,2
603799******3120,4
603799******3198,4
603799******3229,3
603799******3243,0
603799******3276,3
603799******3371,0
603799******3610,1
603799******3635,2
603799******3660,4
603799******3672,2
603799******3773,0
603799******4072,0
603799******4074,4
603799******4083,3
603799******4097,3
603799******4124,3
603799******4129,4
603799******4137,1
603799******4140,4
603799******4198,4
603799******4203,1
603799******4342,2
603799******4489,1
603799******4568,3
603799******4644,4
603799******4645,4
603799******4676,1
603799******4713,4
603799******4727,0
603799******4862,1
603799******4935,2
603799******4968,3
603799******5005,4
603799******5025,3
603799******5027,1
603799******5033,1
603799******5067,1
603799******5078,1
603799******5260,2
603799******5322,2
603799******5332,3
603799******5334,0
603799******5383,2
603799******5386,4
603799******5524,4
603799******5567,1
603799******5621,1
603799******5624,2
603799******5633,4
603799******5675,1
603799******5719,1
603799******5758,4
603799******5868,4
603799******5893,3
603799******5909,1
603799******5917,3
603799******5937,1
603799******6063,3
603799******6115,0
603799******6126,0
603799******6192,1
603799******6218,1
603799******6233,0
603799******6255,3
603799******6260,0
603799******6320,0
603799******6388,2
603799******6449,3
603799******6468,1
603799******6536,4
603799******6558,1
603799******6679,2
603799******6724,0
603799******6738,3
603799******6754,0
603799******6812,1
603799******6877,1
603799******6954,3
603799******6991,0
603799******6995,1
603799******7019,1
603799******7175,3
603799******7228,4
603799******7229,2
603799******7402,1
603799******7468,0
603799******7481,3
603799******7539,1
603799******7617,1
603799******7704,4
603799******7716,2
603799******7731,3
603799******7747,1
603799******7801,4
603799******7812,3
603799******7823,3
603799******7852,2
603799******7906,2
603799******7915,1
603799******7924,3
603799******7997,1
603799******8031,0
603799******8037,3
603799******8101,3
603799******8106,4
603799******8141,1
603799******8186,3
603799******8210,2
603799******8281,3
603799******8325,0
603799******8331,1
603799******8361,3
603799******8367,3
603799******8440,4
603799******8461,2
603799******8473,4
603799******8493,0
603799******8569,3
603799******8587,0
603799******8678,4
603799******8693,4
603799******8715,1
603799******8743,2
603799******8763,0
603799******8786,0
603799******8790,2
603799******8813,1
603799******8927,0
603799******8966,2
603799******8987,4
603799******9073,3
603799******9105,4
603799******9320,2
603799******9347,0
603799******9393,2
603799******9623,2
603799******9684,2
603799******9706,3
603799******9713,2
603799******9792,0
603799******9881,0
603799******9960,0
603799******9988,4
621986******1060,2
621986******1139,0
621986******1241,1
621986******1258,0
621986******1294,1
621986******1301,3
621986******1422,4
621986******1452,2
621986******1572,4
621986******1584,2
621986******1615,4
621986******1723,1
621986******1877,1
621986******1890,3
621986******1923,4
621986******1924,1
621986******1926,1
621986******2017,0
621986******2045,3
621986******2073,0
621986******2141,3
621986******2198,4
621986******2279,1
621986******2312,0
621986******2378,0
621986******2518,4
621986******2542,4
621986******2560,2
621986******2581,1
621986******2639,0
621986******2661,2
621986******2733,1
621986******2750,1
621986******2762,1
621986******2865,3
621986******2968,2
621986******2969,1
621986******2988,2
621986******2991,1
621986******2993,4
621986******2998,3
621986******3032,0
621986******3096,1
621986******3223,1
621986******3224,2
621986******3355,4
621986******3371,4
621986******3385,3
621986******3409,2
621986******3541,0
621986******3547,2
621986******3555,2
621986******3610,0
621986******3774,2
621986******3800,1
621986******3808,4
621986******3832,1
621986******3850,4
621986******3866,1
621986******3939,3
621986******3964,2
621986******4138,4
621986******4153,1
621986******4157,2
621986******4197,1
621986******4246,0
621986******4250,1
621986******4259,1
621986******4273,3
621986******4440,3
621986******4453,3
621986******4493,0
621986******4518,4
621986******4537,2
621986******4629,1
621986******4641,4
621986******4699,0
621986******4700,3
621986******4716,1
621986******4748,3
621986******4760,3
621986******4764,1
621986******4892,2
621986******4924,1
621986******4932,4
621986******4977,4
621986******5167,4
621986******5203,1
621986******5270,4
621986******5286,3
621986******5402,2
621986******5516,0
621986******5558,0
621986******5569,0
621986******5603,1
621986******5615,1
621986******5648,4
621986******5661,2
621986******5669,4
621986******5749,0
621986******5753,2
621986******5758,3
621986******5780,1
621986******5818,2
621986******5927,4
621986******5940,3
621986******5958,1
621986******6074,2
621986******6092,4
621986******6111,0
621986******6162,1
621986******6208,4
621986******6347,2
621986******6348,4
621986******6374,4
621986******6419,3
621986******6429,2
621986******6448,1
621986******6490,4
621986******6495,0
621986******6541,0
621986******6570,3
621986******6616,0
621986******6618,1
621986******6621,1
621986******6624,3
621986******6631,4
621986******6666,1
621986******6720,3
621986******6780,4
621986******6876,4
621986******6882,1
621986******7034,4
621986******7099,2
621986******7106,0
621986******7200,3
621986******7236,2
621986******7331,0
621986******7370,2
621986******7416,0
621986******7548,0
621986******7639,1
621986******7784,1
621986******7787,1
621986******7819,3
621986******7846,3
621986******7894,2
621986******8008,2
621986******8060,2
621986******8069,0
621986******8094,1
621986******8129,1
621986******8177,3
621986******8246,0
621986******8382,2
621986******8422,1
621986******8480,0
621986******8503,4
621986******8645,1
621986******8651,4
621986******8661,0
621986******8697,3
621986******8783,4
621986******8833,0
621986******8851,1
621986******8901,0
621986******8909,0
621986******8961,2
621986******8970,0
621986******8986,0
621986******8997,4
621986******9001,3
621986******9053,0
621986******9058,4
621986******9069,2
621986******9089,3
621986******9179,0
621986******9181,1
621986******9210,4
621986******9240,2
621986******9249,2
621986******9257,1
621986******9328,2
621986******9362,0
621986******9391,0
621986******9433,1
621986******9475,0
621986******9502,3
621986******9556,0
621986******9680,0
621986******9697,0
621986******9711,2
621986******9714,3
621986******9758,3
621986******9848,0
621986******9867,2
621986******9879,2
621986******9920,0
621986******9945,0
621986******9959,2
621986******9996,3
627381******1004,0
627381******1115,4
627381******1128,2
627381******1145,3
627381******1161,2
627381******1237,0
627381******1249,4
627381******1270,1
627381******1317,4
627381******1338,0
627381******1365,2
627381******1389,2
627381******1446,3
627381******1583,3
627381******1612,1
627381******1615,0
627381******1634,3
627381******1725,1
627381******1929,0
627381******1933,0
627381******1935,2
627381******2007,2
627381******2062,2
627381******2141,2
627381******2172,0
627381******2177,2
627381******2212,3
627381******2260,1
627381******2435,2
627381******2474,3
627381******2551,1
627381******2629,1
627381******2761,2
627381******2771,1
627381******2854,2
627381******2932,0
627381******2960,1
627381******3000,4
627381******3014,4
627381******3063,2
627381******3077,4
627381******3103,4
627381******3148,3
627381******3159,0
627381******3203,4
627381******3278,2
627381******3284,2
627381******3339,2
627381******3387,3
627381******3415,3
627381******3524,2
627381******3538,0
627381******3565,2
627381******3653,1
627381******3738,0
627381******3745,3
627381******3768,2
627381******3776,1
627381******3779,4
627381******3785,3
627381******3808,0
627381******3920,4
627381******3949,1
627381******3972,3
627381******3994,1
627381******4001,0
627381******4044,0
627381******4258,3
627381******4300,2
627381******4384,2
627381******4395,2
627381******4557,1
627381******4580,3
627381******4644,3
627381******4690,3
627381******4715,4
627381******4750,3
627381******4876,0
627381******4904,2
627381******4917,0
627381******4933,0
627381******4962,4
627381******4965,0
627381******5179,3
627381******5306,2
627381******5476,0
627381******5485,3
627381******5555,3
627381******5690,4
627381******5777,3
627381******5966,1
627381******5980,3
627381******6060,4
627381******6065,0
627381******6073,4
627381******6077,1
627381******6127,1
627381******6136,2
627381******6314,0
627381******6415,3
627381******6452,0
627381******6462,0
627381******6469,3
627381******6472,0
627381******6499,1
627381******6558,2
627381******6565,2
627381******6607,1
627381******6661,2
627381******6785,3
627381******6810,4
627381******6816,3
627381******6874,2
627381******6935,2
627381******7038,3
627381******7042,2
627381******7059,4
627381******7091,0
627381******7121,1
627381******7132,2
627381******7256,3
627381******7309,3
627381******7352,1
627381******7360,4
627381******7404,3
627381******7445,4
627381******7513,3
627381******7534,0
627381******7581,4
627381******7588,4
627381******7644,0
627381******7659,4
627381******7683,4
627381******7710,3
627381******7726,1
627381******7727,2
627381******7771,2
627381******7819,2
627381******7833,1
627381******7869,2
627381******7911,3
627381******7943,2
627381******7976,0
627381******7982,4
627381******7986,3
627381******7999,0
627381******8016,4
627381******8083,1
627381******8124,3
627381******8148,0
627381******8186,1
627381******8194,4
627381******8240,4
627381******8311,0
627381******8357,4
627381******8404,1
627381******8409,1
627381******8449,0
627381******8468,3
627381******8587,4
627381******8629,3
627381******8693,4
627381******8727,1
627381******8835,0
627381******8843,2
627381******8906,0
627381******8915,1
627381******8979,3
627381******9026,0
627381******9068,1
627381******9087,1
627381******9098,2
627381******9123,4
627381******9189,4
627381******9207,0
627381******9227,2
627381******9269,4
627381******9381,3
627381******9399,1
627381******9417,3
627381******9432,4
627381******9435,3
627381******9566,3
627381******9683,2
627381******9734,0
627381******9750,1
627381******9832,3
627381******9967,3
627412******1205,2
627412******1232,1
627412******1283,4
627412******1287,4
627412******1364,3
627412******1378,3
627412******1481,4
627412******1534,4
627412******1541,2
627412******1641,3
627412******1666,3
627412******1678,2
627412******1695,4
627412******1859,1
627412******1876,0
627412******1882,2
627412******1987,4
627412******2007,4
627412******2019,2
627412******2079,4
627412******2105,2
627412******2124,4
627412******2132,0
627412******2205,4
627412******2388,3
627412******2492,0
627412******2567,3
627412******2647,4
627412******2708,2
627412******2749,0
627412******2788,1
627412******2828,1
627412******2850,3
627412******2906,2
627412******2907,0
627412******3116,1
627412******3240,4
627412******3244,2
627412******3261,4
627412******3296,4
627412******3520,3
627412******3551,0
627412******3591,4
627412******3600,2
627412******3667,2
627412******3681,2
627412******3765,1
627412******3773,0
627412******3875,0
627412******3904,3
627412******3933,4
627412******3964,2
627412******3990,2
627412******4104,3
627412******4127,4
627412******4155,2
627412******4173,0
627412******4175,3
627412******4303,2
627412******4381,1
627412******4390,0
627412******4426,2
627412******4764,3
627412******4786,1
627412******4787,2
627412******4854,0
627412******4968,1
627412******4972,0
627412******5268,4
627412******5311,3
627412******5350,1
627412******5354,3
627412******5368,4
627412******5431,4
627412******5444,2
627412******5453,4
627412******5530,4
627412******5551,2
627412******5668,3
627412******5689,4
627412******5699,1
627412******5780,1
627412******5805,3
627412******5873,2
627412******5891,0
627412******5917,4
627412******5934,2
627412******5938,2
627412******6039,2
627412******6059,3
627412******6085,2
627412******6124,2
627412******6192,2
627412******6231,3
627412******6242,1
627412******6394,3
627412******6398,4
627412******6428,0
627412******6433,4
627412******6445,0
627412******6506,4
627412******6634,4
627412******6732,3
627412******6741,3
627412******6793,4
627412******6870,1
627412******6956,2
627412******7031,0
627412******7059,1
627412******7079,3
627412******7190,2
627412******7219,3
627412******7268,0
627412******7289,0
627412******7316,0
627412******7362,4
627412******7413,1
627412******7429,4
627412******7509,1
627412******7520,0
627412******7540,4
627412******7568,2
627412******7623,3
627412******7691,0
627412******7828,2
627412******7919,4
627412******7960,4
627412******7985,0
627412******8010,3
627412******8027,2
627412******8129,2
627412******8178,3
627412******8183,2
627412******8186,2
627412******8206,2
627412******8294,3
627412******8396,4
627412******8468,0
627412******8480,4
627412******8481,3
627412******8498,1
627412******8533,1
627412******8546,3
627412******8659,2
627412******8718,3
627412******8776,2
627412******8778,3
627412******8850,0
627412******8871,0
627412******8956,4
627412******8979,4
627412******8984,4
627412******9058,2
627412******9089,1
627412******9135,4
627412******9173,4
627412******9252,0
627412******9264,0
627412******9446,4
627412******9464,1
627412******9490,1
627412******9508,4
627412******9533,2
627412******9562,0
627412******9682,3
627412******9693,3
627412******9702,3
627412******9706,4
627412******9841,2
627412******9915,0
639347******1021,1
639347******1040,3
639347******1044,0
639347******1133,3
639347******1141,4
639347******1187,0
639347******1383,2
639347******1436,3
639347******1619,4
639347******1770,2
639347******1804,4
639347******1919,1
639347******2048,4
639347******2093,1
639347******2130,0
639347******2140,3
639347******2167,3
639347******2189,3
639347******2230,1
639347******2289,2
639347******2325,4
639347******2366,0
639347******2380,2
639347******2461,2
639347******2502,2
639347******2622,2
639347******2630,3
639347******2673,1
639347******2742,1
639347******2750,1
639347******2772,3
639347******2860,1
639347******2875,4
639347******2910,3
639347******2932,4
639347******2990,2
639347******3048,3
639347******3074,0
639347******3079,0
639347******3113,1
639347******3419,3
639347******3500,3
639347******3551,2
639347******3565,2
639347******3575,2
639347******3594,4
639347******3632,0
639347******3681,3
639347******3690,3
639347******3757,2
639347******3780,1
639347******3806,3
639347******3822,2
639347******3883,4
639347******3925,2
639347******4199,1
639347******4310,4
639347******4368,3
639347******4382,1
639347******4432,2
639347******4443,4
639347******4490,2
639347******4530,3
639347******4648,0
639347******4754,1
639347******4762,1
639347******4768,3
639347******4850,2
639347******4985,3
639347******4992,2
639347******5009,1
639347******5063,2
639347******5114,1
639347******5136,3
639347******5174,4
639347******5195,3
639347******5197,3
639347******5211,0
639347******5227,4
639347******5259,1
639347******5364,0
639347******5402,3
639347******5430,0
639347******5434,1
639347******5435,1
639347******5458,2
639347******5482,3
639347******5507,0
639347******5544,3
639347******5624,2
639347******5658,1
639347******5675,1
639347******5677,3
639347******5757,2
639347******5837,2
639347******5979,0
639347******6084,0
639347******6179,3
639347******6275,0
639347******6287,3
639347******6296,2
639347******6378,1
639347******6439,0
639347******6457,1
639347******6490,3
639347******6515,3
639347******6618,1
639347******6713,3
639347******6724,4
639347******6798,3
639347******6831,4
639347******6951,4
639347******6984,0
639347******7028,4
639347******7031,2
639347******7060,2
639347******7111,1
639347******7135,0
639347******7166,3
639347******7294,0
639347******7305,0
639347******7320,4
639347******7382,4
639347******7406,3
639347******7477,3
639347******7671,1
639347******7680,4
639347******7772,1
639347******7782,4
639347******7811,4
639347******7855,1
639347******7970,1
639347******8090,4
639347******8099,1
639347******8127,2
639347******8179,4
639347******8236,1
639347******8382,3
639347******8406,0
639347******8419,3
639347******8538,3
639347******8544,4
639347******8644,1
639347******8759,4
639347******8868,2
639347******8926,2
639347******9007,1
639347******9092,0
639347******9102,0
639347******9150,2
639347******9243,4
639347******9307,2
639347******9347,2
639347******9418,4
639347******9518,3
639347******9567,4
639347******9569,4
639347******9712,4
639347******9801,2
639347******9835,2
639347******9869,4
639347******9912,0
639347******9915,1
